Link,URL
AndEngine,https://android-arsenal.com/details/1/1
cocos2d-android,https://android-arsenal.com/details/1/2
cocos2d-x,https://android-arsenal.com/details/1/3
flixel-gdx,https://android-arsenal.com/details/1/994
PlayN,https://android-arsenal.com/details/1/4
Pure2D,https://android-arsenal.com/details/1/924
Rokon,https://android-arsenal.com/details/1/5
SDL,https://android-arsenal.com/details/1/6
YoghurtGum,https://android-arsenal.com/details/1/7
Dwarf,https://android-arsenal.com/details/1/8
Godot,https://android-arsenal.com/details/1/1346
Irrlicht,https://android-arsenal.com/details/1/9
jPCT AE,https://android-arsenal.com/details/1/10
libGDX,https://android-arsenal.com/details/1/11
Linderdaum,https://android-arsenal.com/details/1/12
min3d,https://android-arsenal.com/details/1/13
MonoGame,https://android-arsenal.com/details/1/768
Ogre,https://android-arsenal.com/details/1/15
Rajawali,https://android-arsenal.com/details/1/14
adbmaster,https://android-arsenal.com/details/1/977
ChromeADB,https://android-arsenal.com/details/1/863
fb-adb,https://android-arsenal.com/details/1/858
scrollscreenshot,https://android-arsenal.com/details/1/1047
ANR-WatchDog,https://android-arsenal.com/details/1/1102
drupalfit,https://android-arsenal.com/details/1/1250
FragmentArgs,https://android-arsenal.com/details/1/955
Hrisey,https://android-arsenal.com/details/1/1349
javac-warning-annotation,https://android-arsenal.com/details/1/1362
Lombok,https://android-arsenal.com/details/1/956
Scopes,https://android-arsenal.com/details/1/1286
ActionBarSherlock,https://android-arsenal.com/details/1/16
Android Action Bar Style Generator,https://android-arsenal.com/details/1/826
Extended ActionBar,https://android-arsenal.com/details/1/17
FadingActionBar,https://android-arsenal.com/details/1/18
GlassActionBar,https://android-arsenal.com/details/1/19
Header2ActionBar,https://android-arsenal.com/details/1/774
SectionedActionBarList,https://android-arsenal.com/details/1/1287
SherlockNavigationDrawer,https://android-arsenal.com/details/1/1275
v7 appcompat library,https://android-arsenal.com/details/1/20
AndroidKioskMode,https://android-arsenal.com/details/1/1222
cwac-masterdetail,https://android-arsenal.com/details/1/1227
cwac-presentation,https://android-arsenal.com/details/1/1247
AdMob,https://android-arsenal.com/details/1/21
Google Mobile Ads SDK,https://android-arsenal.com/details/1/22
InMobi,https://android-arsenal.com/details/1/23
mMedia,https://android-arsenal.com/details/1/24
mobileCore,https://android-arsenal.com/details/1/25
MoPub,https://android-arsenal.com/details/1/26
Pollfish,https://android-arsenal.com/details/1/1376
Tapjoy,https://android-arsenal.com/details/1/27
Google Analytics,https://android-arsenal.com/details/1/28
Piwik,https://android-arsenal.com/details/1/1168
Yandex Metrica,https://android-arsenal.com/details/1/29
Android-Image-Animator-Frame-Library,https://android-arsenal.com/details/1/757
android-ui,https://android-arsenal.com/details/1/1030
AndroidViewAnimations,https://android-arsenal.com/details/1/32
AnimatedPathView,https://android-arsenal.com/details/1/1317
AnimationEasingFunctions,https://android-arsenal.com/details/1/789
CircularReveal,https://android-arsenal.com/details/1/1143
EasyAndroidAnimations,https://android-arsenal.com/details/1/940
EdgeEffectOverride,https://android-arsenal.com/details/1/1111
FragmentTransactionExtended,https://android-arsenal.com/details/1/1342
Lib--ColorBars,https://android-arsenal.com/details/1/989
Motion,https://android-arsenal.com/details/1/31
Reachability,https://android-arsenal.com/details/1/1283
Rebound,https://android-arsenal.com/details/1/30
recyclerview-animators,https://android-arsenal.com/details/1/1327
RecyclerViewItemAnimators,https://android-arsenal.com/details/1/854
SmoothTransition,https://android-arsenal.com/details/1/814
transitions-everywhere,https://android-arsenal.com/details/1/1050
TransitionsBackport,https://android-arsenal.com/details/1/688
WaveDrawable,https://android-arsenal.com/details/1/981
Android Bootstrap,https://android-arsenal.com/details/1/33
DroidParts,https://android-arsenal.com/details/1/34
GreenDroid,https://android-arsenal.com/details/1/36
Ignition,https://android-arsenal.com/details/1/35
JDROID Framework,https://android-arsenal.com/details/1/1062
Ketai,https://android-arsenal.com/details/1/37
KJFrameForAndroid,https://android-arsenal.com/details/1/836
Mortar,https://android-arsenal.com/details/1/38
Spring for Android,https://android-arsenal.com/details/1/39
SwissKnife,https://android-arsenal.com/details/1/852
UltimateAndroid,https://android-arsenal.com/details/1/959
Velcro,https://android-arsenal.com/details/1/1027
aacdecoder-android,https://android-arsenal.com/details/1/40
Audio Wife,https://android-arsenal.com/details/1/41
libpulse-android,https://android-arsenal.com/details/1/728
Patchfield,https://android-arsenal.com/details/1/42
PlayerHater,https://android-arsenal.com/details/1/43
RhombusLib,https://android-arsenal.com/details/1/743
Android Async,https://android-arsenal.com/details/1/44
Android Priority Job Queue,https://android-arsenal.com/details/1/45
android-multithread,https://android-arsenal.com/details/1/732
android-promise,https://android-arsenal.com/details/1/1278
AsyncJobLibrary,https://android-arsenal.com/details/1/883
AsyncService,https://android-arsenal.com/details/1/1330
Bolts,https://android-arsenal.com/details/1/49
Futuroid,https://android-arsenal.com/details/1/1196
Groundy,https://android-arsenal.com/details/1/46
rxloader,https://android-arsenal.com/details/1/866
smoothie,https://android-arsenal.com/details/1/47
Tape,https://android-arsenal.com/details/1/48
Android Device Compatibility Package,https://android-arsenal.com/details/1/1370
Android Lifecyle,https://android-arsenal.com/details/1/1097
android-calendarview,https://android-arsenal.com/details/1/712
android-switch-backport,https://android-arsenal.com/details/1/687
cwac-mediarouter,https://android-arsenal.com/details/1/1228
HoloEverywhere,https://android-arsenal.com/details/1/50
NineOldAndroids,https://android-arsenal.com/details/1/51
PreferenceFragment,https://android-arsenal.com/details/1/52
Support Library,https://android-arsenal.com/details/1/53
Android-ActionItemBadge,https://android-arsenal.com/details/1/755
android-viewbadger,https://android-arsenal.com/details/1/715
Bubble-Notification,https://android-arsenal.com/details/1/875
Android Barcode Generator,https://android-arsenal.com/details/1/54
BarCode Fragment,https://android-arsenal.com/details/1/55
ZBar,https://android-arsenal.com/details/1/57
ZXing,https://android-arsenal.com/details/1/56
Android Bluetooth Library,https://android-arsenal.com/details/1/689
android-bluetooth,https://android-arsenal.com/details/1/692
Android-BluetoothSPPLibrary,https://android-arsenal.com/details/1/690
android-btxfr,https://android-arsenal.com/details/1/691
Bluetooth LE Library for Android,https://android-arsenal.com/details/1/693
SmartGattLib,https://android-arsenal.com/details/1/714
Android StackBlur,https://android-arsenal.com/details/1/213
BlurBehind,https://android-arsenal.com/details/1/1025
BlurDialogFragment,https://android-arsenal.com/details/1/1064
EtsyBlur,https://android-arsenal.com/details/1/1202
FragmentBreadCrumbs,https://android-arsenal.com/details/1/942
HanselAndGretel,https://android-arsenal.com/details/1/701
Apache Ant,https://android-arsenal.com/details/1/58
Apache Maven,https://android-arsenal.com/details/1/59
buck,https://android-arsenal.com/details/1/64
Gant,https://android-arsenal.com/details/1/60
Gradle,https://android-arsenal.com/details/1/61
Leiningen,https://android-arsenal.com/details/1/62
sbt,https://android-arsenal.com/details/1/63
Android-Bootstrap,https://android-arsenal.com/details/1/65
android-circlebutton,https://android-arsenal.com/details/1/760
Android-Material-circular-button,https://android-arsenal.com/details/1/766
Circular Progress Button,https://android-arsenal.com/details/1/67
CircularButton,https://android-arsenal.com/details/1/980
ExpandableButtonMenu,https://android-arsenal.com/details/1/702
FancyButtons,https://android-arsenal.com/details/1/681
Flat Button,https://android-arsenal.com/details/1/68
HamburgerMenuDrawable,https://android-arsenal.com/details/1/915
material-menu,https://android-arsenal.com/details/1/703
Process Button,https://android-arsenal.com/details/1/69
ProgressButton,https://android-arsenal.com/details/1/70
PSGradientButtons,https://android-arsenal.com/details/1/71
TH-ProgressButton,https://android-arsenal.com/details/1/72
TransformableDrawableButton,https://android-arsenal.com/details/1/1190
CSVReader,https://android-arsenal.com/details/1/104
opencsv,https://android-arsenal.com/details/1/103
Super CSV,https://android-arsenal.com/details/1/105
Android-BitmapCache,https://android-arsenal.com/details/1/73
android-easy-cache,https://android-arsenal.com/details/1/1377
Android-Image-Cache,https://android-arsenal.com/details/1/74
carbonite,https://android-arsenal.com/details/1/75
DiskLruCache,https://android-arsenal.com/details/1/76
HttpResponseCache,https://android-arsenal.com/details/1/813
ObjectCache,https://android-arsenal.com/details/1/77
Qachee,https://android-arsenal.com/details/1/1276
Reservoir,https://android-arsenal.com/details/1/945
simple-disk-cache,https://android-arsenal.com/details/1/950
android-webcam,https://android-arsenal.com/details/1/720
cwac-camera,https://android-arsenal.com/details/1/719
LandscapeVideoCamera,https://android-arsenal.com/details/1/1209
Artiste,https://android-arsenal.com/details/1/1177
Cards-UI,https://android-arsenal.com/details/1/80
Cardslib,https://android-arsenal.com/details/1/78
cardsui-for-android,https://android-arsenal.com/details/1/79
MaterialList,https://android-arsenal.com/details/1/1161
Swipeable cards,https://android-arsenal.com/details/1/222
Swipecards,https://android-arsenal.com/details/1/1028
carousel-layout-android,https://android-arsenal.com/details/1/830
FancyCoverFlow,https://android-arsenal.com/details/1/838
android-change-log,https://android-arsenal.com/details/1/83
ChangeLog Library,https://android-arsenal.com/details/1/81
ckChangeLog,https://android-arsenal.com/details/1/82
Inscription,https://android-arsenal.com/details/1/84
Saguaro,https://android-arsenal.com/details/1/677
EnhancedCheckBox,https://android-arsenal.com/details/1/1006
FlipCheckBox,https://android-arsenal.com/details/1/944
FlipView,https://android-arsenal.com/details/1/1073
SwitchButton,https://android-arsenal.com/details/1/1119
ToggleButton,https://android-arsenal.com/details/1/1158
Driven,https://android-arsenal.com/details/1/85
Dropbox,https://android-arsenal.com/details/1/86
Google Drive,https://android-arsenal.com/details/1/87
OneDrive-Picker-Android,https://android-arsenal.com/details/1/908
Alexei,https://android-arsenal.com/details/1/873
Bright,https://android-arsenal.com/details/1/92
ColorArt,https://android-arsenal.com/details/1/93
Colours,https://android-arsenal.com/details/1/94
android-color-picker,https://android-arsenal.com/details/1/88
Color Picker collection,https://android-arsenal.com/details/1/862
color-picker-view,https://android-arsenal.com/details/1/90
ColorMixer,https://android-arsenal.com/details/1/991
ColorPickerPreference,https://android-arsenal.com/details/1/89
cwac-colormixer,https://android-arsenal.com/details/1/1219
HoloColorPicker,https://android-arsenal.com/details/1/91
Android-Material-Design-Colors,https://android-arsenal.com/details/1/1231
Flat UI Colors,https://android-arsenal.com/details/1/1282
iCometClient4j,https://android-arsenal.com/details/1/1120
Compass-View-Library,https://android-arsenal.com/details/1/414
CompassView,https://android-arsenal.com/details/1/1063
Android BambooStorage,https://android-arsenal.com/details/1/928
Android ContentProvider Generator,https://android-arsenal.com/details/1/111
Android-AnnotatedSQL,https://android-arsenal.com/details/1/761
Content Provider Helper,https://android-arsenal.com/details/1/95
cwac-provider,https://android-arsenal.com/details/1/1248
DatabaseCodeGenerator,https://android-arsenal.com/details/1/112
EasyDatabase,https://android-arsenal.com/details/1/1098
Forger,https://android-arsenal.com/details/1/985
OrmLiteContentProvider,https://android-arsenal.com/details/1/96
ProviGen,https://android-arsenal.com/details/1/98
RoboCoP,https://android-arsenal.com/details/1/833
Schematic,https://android-arsenal.com/details/1/1072
SimpleProvider,https://android-arsenal.com/details/1/97
SQLiteProvider,https://android-arsenal.com/details/1/99
ACRA,https://android-arsenal.com/details/1/100
Crashlytics,https://android-arsenal.com/details/1/101
HelpStack,https://android-arsenal.com/details/1/1088
Telescope,https://android-arsenal.com/details/1/835
AboutLibraries,https://android-arsenal.com/details/1/102
LicensesDialog,https://android-arsenal.com/details/1/144
android-flip,https://android-arsenal.com/details/1/107
android-FlipView,https://android-arsenal.com/details/1/108
android_page_curl,https://android-arsenal.com/details/1/106
FoldableLayout,https://android-arsenal.com/details/1/109
TransitionViewPager,https://android-arsenal.com/details/1/110
rtree,https://android-arsenal.com/details/1/975
Android schema utils,https://android-arsenal.com/details/1/972
Android SQLiteAssetHelper,https://android-arsenal.com/details/1/113
android-db-commons,https://android-arsenal.com/details/1/966
android-lazyloading-cursor,https://android-arsenal.com/details/1/745
AndroidYboDb,https://android-arsenal.com/details/1/759
Cerberus,https://android-arsenal.com/details/1/1000
CursorMerger,https://android-arsenal.com/details/1/1122
dbdump,https://android-arsenal.com/details/1/930
SQLiteMaster,https://android-arsenal.com/details/1/984
Thneed,https://android-arsenal.com/details/1/986
Android DbInspector,https://android-arsenal.com/details/1/117
SQLite Browser,https://android-arsenal.com/details/1/115
SQLite DB Bowser,https://android-arsenal.com/details/1/116
SQLite Manager,https://android-arsenal.com/details/1/114
Android Week View,https://android-arsenal.com/details/1/970
android-betterpickers,https://android-arsenal.com/details/1/118
android-datepicker,https://android-arsenal.com/details/1/119
Android-RecurrencePicker,https://android-arsenal.com/details/1/120
Caldroid,https://android-arsenal.com/details/1/121
CalendarListview,https://android-arsenal.com/details/1/952
DateTimePicker,https://android-arsenal.com/details/1/122
DateTimePicker Android 4.0+,https://android-arsenal.com/details/1/123
ExtendedCalendarView,https://android-arsenal.com/details/1/124
GoogleDateTimePickers,https://android-arsenal.com/details/1/897
MFCalendarView,https://android-arsenal.com/details/1/125
Roboto Calendar View,https://android-arsenal.com/details/1/126
SunDate Picker,https://android-arsenal.com/details/1/1159
TimesSquare for Android,https://android-arsenal.com/details/1/127
Androguard,https://android-arsenal.com/details/1/1013
JAD,https://android-arsenal.com/details/1/1012
smali,https://android-arsenal.com/details/1/786
android-autolayout,https://android-arsenal.com/details/1/1359
AndroidAnnotations,https://android-arsenal.com/details/1/128
Butter Knife,https://android-arsenal.com/details/1/131
Dagger,https://android-arsenal.com/details/1/129
google/dagger,https://android-arsenal.com/details/1/860
Knork,https://android-arsenal.com/details/1/1269
LittleKnife,https://android-arsenal.com/details/1/988
Michelangelo,https://android-arsenal.com/details/1/1314
Proton,https://android-arsenal.com/details/1/1354
RoboGuice,https://android-arsenal.com/details/1/130
Stabbed Android,https://android-arsenal.com/details/1/133
Transfuse,https://android-arsenal.com/details/1/132
ViewHolderInflater,https://android-arsenal.com/details/1/1257
Android App Patterns,https://android-arsenal.com/details/1/137
Android Cheatsheet for Graphic Designers,https://android-arsenal.com/details/1/134
Android Niceties,https://android-arsenal.com/details/1/139
Android Patterns,https://android-arsenal.com/details/1/135
Google Android Design Guide,https://android-arsenal.com/details/1/136
google-styleguide,https://android-arsenal.com/details/1/1115
HoloAccent,https://android-arsenal.com/details/1/141
ICS Apps,https://android-arsenal.com/details/1/140
Material Colors,https://android-arsenal.com/details/1/770
Material Design Android Library,https://android-arsenal.com/details/1/1156
Material Palette,https://android-arsenal.com/details/1/1273
MaterialUp,https://android-arsenal.com/details/1/1274
RoboBinding,https://android-arsenal.com/details/1/990
Singleton,https://android-arsenal.com/details/1/1294
classes.dex method count helpers,https://android-arsenal.com/details/1/787
dex-method-counts,https://android-arsenal.com/details/1/1036
dex2jar,https://android-arsenal.com/details/1/788
Grab-n-Run,https://android-arsenal.com/details/1/1185
ActivityPassProtection,https://android-arsenal.com/details/1/797
AlertDialogPro,https://android-arsenal.com/details/1/1178
Android-DialogFragments,https://android-arsenal.com/details/1/983
L-Dialogs,https://android-arsenal.com/details/1/818
Material Dialogs,https://android-arsenal.com/details/1/1113
MaterialDialog,https://android-arsenal.com/details/1/1310
NiftyDialogEffects,https://android-arsenal.com/details/1/772
PostOffice,https://android-arsenal.com/details/1/1024
StandOut,https://android-arsenal.com/details/1/142
StyledDialogs,https://android-arsenal.com/details/1/143
Sweet Alert Dialog,https://android-arsenal.com/details/1/1065
BOINC,https://android-arsenal.com/details/1/1108
Amazon Appstore,https://android-arsenal.com/details/1/762
B-Flight,https://android-arsenal.com/details/1/1078
Google Play,https://android-arsenal.com/details/1/146
HockeyKit,https://android-arsenal.com/details/1/147
Samsung Apps,https://android-arsenal.com/details/1/148
AizazAZ/ThinDownloadManager,https://android-arsenal.com/details/1/1077
DrawerArrowDrawable,https://android-arsenal.com/details/1/1309
MrVector,https://android-arsenal.com/details/1/1264
SVG2Drawable,https://android-arsenal.com/details/1/1308
Epublib,https://android-arsenal.com/details/1/155
SkyEpub,https://android-arsenal.com/details/1/156
emojicon,https://android-arsenal.com/details/1/152
emojimenu,https://android-arsenal.com/details/1/153
KitKatEmoji,https://android-arsenal.com/details/1/154
Appetize.io,https://android-arsenal.com/details/1/1355
BusWear,https://android-arsenal.com/details/1/1336
fluffy-events,https://android-arsenal.com/details/1/1300
greenrobot/EventBus,https://android-arsenal.com/details/1/149
Otto,https://android-arsenal.com/details/1/150
stickyd/eventbus,https://android-arsenal.com/details/1/151
TinyBus,https://android-arsenal.com/details/1/922
reactive-android,https://android-arsenal.com/details/1/167
RxAndroid,https://android-arsenal.com/details/1/1144
RxBinding,https://android-arsenal.com/details/1/1259
RxJava,https://android-arsenal.com/details/1/168
RxJavaString,https://android-arsenal.com/details/1/1145
Masaccio,https://android-arsenal.com/details/1/1237
android-simple-storage,https://android-arsenal.com/details/1/951
G-Rex,https://android-arsenal.com/details/1/1187
aFileChooser,https://android-arsenal.com/details/1/157
afiledialog,https://android-arsenal.com/details/1/158
DirectoryChooser,https://android-arsenal.com/details/1/159
FilePicker,https://android-arsenal.com/details/1/1320
FilePickerLibrary,https://android-arsenal.com/details/1/785
NoNonsense FilePicker,https://android-arsenal.com/details/1/160
simple-file-chooser,https://android-arsenal.com/details/1/161
android-floating-action-button,https://android-arsenal.com/details/1/965
android-floating-action-menu,https://android-arsenal.com/details/1/1117
FaizMalkani/FloatingActionButton,https://android-arsenal.com/details/1/775
makovkastar/FloatingActionButton,https://android-arsenal.com/details/1/824
Android Icon Fonts,https://android-arsenal.com/details/1/996
Android Typeface Helper,https://android-arsenal.com/details/1/1019
android-iconify,https://android-arsenal.com/details/1/723
Calligraphy,https://android-arsenal.com/details/1/163
Custom Typeface,https://android-arsenal.com/details/1/889
CustomType,https://android-arsenal.com/details/1/1371
Font Awesome,https://android-arsenal.com/details/1/1040
Fontain,https://android-arsenal.com/details/1/1201
FontDroid,https://android-arsenal.com/details/1/916
Fontify,https://android-arsenal.com/details/1/164
Google Fonts,https://android-arsenal.com/details/1/165
PixlUI,https://android-arsenal.com/details/1/166
Print,https://android-arsenal.com/details/1/1016
TypefaceHelper,https://android-arsenal.com/details/1/1246
VNTFontListPreference,https://android-arsenal.com/details/1/798
Retrolambda,https://android-arsenal.com/details/1/819
android-gif-drawable,https://android-arsenal.com/details/1/1147
GifImageView,https://android-arsenal.com/details/1/1339
GifLib,https://android-arsenal.com/details/1/225
Airy,https://android-arsenal.com/details/1/776
GestureImageView,https://android-arsenal.com/details/1/1249
SimpleFingerGestures,https://android-arsenal.com/details/1/777
GlowPadBackport,https://android-arsenal.com/details/1/954
GlowPadView,https://android-arsenal.com/details/1/953
AARLinkSources,https://android-arsenal.com/details/1/1288
android-appversion-gradle-plugin,https://android-arsenal.com/details/1/1129
android-gradle-localization-plugin,https://android-arsenal.com/details/1/902
android-unit-test,https://android-arsenal.com/details/1/1081
bugsense-gradle-plugin,https://android-arsenal.com/details/1/878
fork-gradle-plugin,https://android-arsenal.com/details/1/1166
Generify,https://android-arsenal.com/details/1/1148
gradle-android-plugin,https://android-arsenal.com/details/1/170
gradle-android-scala-plugin,https://android-arsenal.com/details/1/171
gradle-android-sdk-manager,https://android-arsenal.com/details/1/1171
gradle-mdicons,https://android-arsenal.com/details/1/1334
gradle-mvn-push,https://android-arsenal.com/details/1/1206
gradle-play-publisher,https://android-arsenal.com/details/1/872
gradle-retrolambda,https://android-arsenal.com/details/1/865
gradle-robojava-plugin,https://android-arsenal.com/details/1/1267
groovy-android-gradle-plugin,https://android-arsenal.com/details/1/876
icon-version,https://android-arsenal.com/details/1/1121
lint-cleaner-plugin,https://android-arsenal.com/details/1/877
proguard-please,https://android-arsenal.com/details/1/998
sdk-manager-plugin,https://android-arsenal.com/details/1/169
secondary-dex-gradle,https://android-arsenal.com/details/1/800
AChartEngine,https://android-arsenal.com/details/1/174
AFreeChart,https://android-arsenal.com/details/1/176
Android-Charts,https://android-arsenal.com/details/1/173
AndroidCharts,https://android-arsenal.com/details/1/172
Androidplot,https://android-arsenal.com/details/1/177
desCharts,https://android-arsenal.com/details/1/178
DroidDiagram,https://android-arsenal.com/details/1/810
EazeGraph,https://android-arsenal.com/details/1/694
GraphView,https://android-arsenal.com/details/1/179
HelloCharts for Android,https://android-arsenal.com/details/1/1068
HoloGraphLibrary,https://android-arsenal.com/details/1/175
HzGrapher,https://android-arsenal.com/details/1/180
MPAndroidChart,https://android-arsenal.com/details/1/741
WilliamChart,https://android-arsenal.com/details/1/769
AndroidStaggeredGrid,https://android-arsenal.com/details/1/181
AnimatedGridView,https://android-arsenal.com/details/1/188
AsymmetricGridView,https://android-arsenal.com/details/1/1186
DynamicGrid,https://android-arsenal.com/details/1/182
FreeFlow,https://android-arsenal.com/details/1/187
GridView with Header and Footer,https://android-arsenal.com/details/1/1070
PagingGridView,https://android-arsenal.com/details/1/184
QuiltViewLibrary,https://android-arsenal.com/details/1/183
StaggeredGridView,https://android-arsenal.com/details/1/185
TwoWayGridView,https://android-arsenal.com/details/1/186
HtmlCleaner,https://android-arsenal.com/details/1/189
Jericho,https://android-arsenal.com/details/1/190
jsoup,https://android-arsenal.com/details/1/191
owasp-java-html-sanitizer,https://android-arsenal.com/details/1/192
Highlightify,https://android-arsenal.com/details/1/696
ShowTipsView,https://android-arsenal.com/details/1/1132
AIDE,https://android-arsenal.com/details/1/194
Android Studio,https://android-arsenal.com/details/1/193
Eclipse ADT,https://android-arsenal.com/details/1/195
IntelliJ IDEA,https://android-arsenal.com/details/1/196
ADT Templates,https://android-arsenal.com/details/1/197
Android for Maven Eclipse,https://android-arsenal.com/details/1/201
Android Holo Colors IntelliJ Plugin,https://android-arsenal.com/details/1/198
android-holo-colors-idea-plugin,https://android-arsenal.com/details/1/1204
android-sqlite-model-generator-plugin,https://android-arsenal.com/details/1/964
android-studio-unit-test-plugin,https://android-arsenal.com/details/1/1082
android-viewbyid-generator,https://android-arsenal.com/details/1/1323
bugsnag-eclipse-plugin,https://android-arsenal.com/details/1/963
ButterKnifeZelezny,https://android-arsenal.com/details/1/199
Dagger IntelliJ Plugin,https://android-arsenal.com/details/1/200
Material Design Icons ADT Template,https://android-arsenal.com/details/1/1089
Otto IntelliJ Plugin,https://android-arsenal.com/details/1/202
SelectorChapek,https://android-arsenal.com/details/1/203
android-icon-copier,https://android-arsenal.com/details/1/1325
Android-Iconics,https://android-arsenal.com/details/1/1164
android-material-icons,https://android-arsenal.com/details/1/1173
androidicons,https://android-arsenal.com/details/1/1192
droidicon,https://android-arsenal.com/details/1/1149
Dynamic Calendar,https://android-arsenal.com/details/1/1366
IconicDroid,https://android-arsenal.com/details/1/1150
Magnet,https://android-arsenal.com/details/1/1139
Material Design icons,https://android-arsenal.com/details/1/1045
Skycons,https://android-arsenal.com/details/1/1043
Android CropImage,https://android-arsenal.com/details/1/204
android-crop,https://android-arsenal.com/details/1/205
Cropimage,https://android-arsenal.com/details/1/206
Cropper,https://android-arsenal.com/details/1/207
Cube SDK,https://android-arsenal.com/details/1/1079
Glide,https://android-arsenal.com/details/1/806
LazyList,https://android-arsenal.com/details/1/208
Novoda Image Loader,https://android-arsenal.com/details/1/212
Picasso,https://android-arsenal.com/details/1/209
Universal Image Loader for Android,https://android-arsenal.com/details/1/210
UrlImageViewHelper,https://android-arsenal.com/details/1/211
DeviceAlbums,https://android-arsenal.com/details/1/1368
Laevatein,https://android-arsenal.com/details/1/1369
MediaChooser,https://android-arsenal.com/details/1/1020
Patio,https://android-arsenal.com/details/1/1076
poly-picker,https://android-arsenal.com/details/1/871
android-gpuimage,https://android-arsenal.com/details/1/716
android-image-filtering,https://android-arsenal.com/details/1/215
android-jhlabs,https://android-arsenal.com/details/1/216
AndroidFastImageProcessing,https://android-arsenal.com/details/1/217
Glide Transformations,https://android-arsenal.com/details/1/1363
JJIL,https://android-arsenal.com/details/1/218
picasso-transformations,https://android-arsenal.com/details/1/1372
picasso-transformations,https://android-arsenal.com/details/1/214
android-combination-avatar,https://android-arsenal.com/details/1/987
android-shape-imageview,https://android-arsenal.com/details/1/932
CircularImageView,https://android-arsenal.com/details/1/695
CustomShapeImageView,https://android-arsenal.com/details/1/1197
ExpandablePanel,https://android-arsenal.com/details/1/751
ImageViewZoom,https://android-arsenal.com/details/1/219
KenBurnsView,https://android-arsenal.com/details/1/224
LetterImageView,https://android-arsenal.com/details/1/825
okulus,https://android-arsenal.com/details/1/754
PhotographicPrintAnimator,https://android-arsenal.com/details/1/1207
PhotoView,https://android-arsenal.com/details/1/220
ProMosaic,https://android-arsenal.com/details/1/834
RoundedImageView,https://android-arsenal.com/details/1/680
SelectableRoundedImageView,https://android-arsenal.com/details/1/1234
Smart Image View,https://android-arsenal.com/details/1/221
SplitImageView,https://android-arsenal.com/details/1/733
TouchImageView,https://android-arsenal.com/details/1/223
adbi,https://android-arsenal.com/details/1/822
ddi,https://android-arsenal.com/details/1/823
javassist-android,https://android-arsenal.com/details/1/821
Android Intents,https://android-arsenal.com/details/1/513
android-intents,https://android-arsenal.com/details/1/730
IntentLogger,https://android-arsenal.com/details/1/1270
TrustedIntents,https://android-arsenal.com/details/1/676
fastjson,https://android-arsenal.com/details/1/1329
GSON,https://android-arsenal.com/details/1/229
ig-json-parser,https://android-arsenal.com/details/1/933
Jackson,https://android-arsenal.com/details/1/230
Jackson jr,https://android-arsenal.com/details/1/231
json-parser-generator,https://android-arsenal.com/details/1/1281
JSON.simple,https://android-arsenal.com/details/1/232
JsonToJava,https://android-arsenal.com/details/1/1252
ModelMapper,https://android-arsenal.com/details/1/233
Parser,https://android-arsenal.com/details/1/1255
RapidJSON,https://android-arsenal.com/details/1/1110
AlarmManager,https://android-arsenal.com/details/1/226
Boogaloo,https://android-arsenal.com/details/1/1279
cron4j,https://android-arsenal.com/details/1/228
cwac-wakeful,https://android-arsenal.com/details/1/1301
JobSchedulerCompat,https://android-arsenal.com/details/1/1131
Android Constrained Widgets,https://android-arsenal.com/details/1/235
Android Empty Layout,https://android-arsenal.com/details/1/234
Android Slide Show Widget,https://android-arsenal.com/details/1/236
AndroidSwipeLayout,https://android-arsenal.com/details/1/855
AndroidViewHover,https://android-arsenal.com/details/1/792
CircleLayout,https://android-arsenal.com/details/1/237
CircularView,https://android-arsenal.com/details/1/238
CollapsingTitleLayout,https://android-arsenal.com/details/1/1306
cwac-layouts,https://android-arsenal.com/details/1/1220
DraggablePanel,https://android-arsenal.com/details/1/244
DynamicBox,https://android-arsenal.com/details/1/242
ExpandableLayout,https://android-arsenal.com/details/1/969
FlatUI,https://android-arsenal.com/details/1/241
FlowLayout,https://android-arsenal.com/details/1/1216
FragmentSwitcher,https://android-arsenal.com/details/1/993
GridLayout,https://android-arsenal.com/details/1/239
ImageLayout,https://android-arsenal.com/details/1/240
LoadingEverywhere,https://android-arsenal.com/details/1/807
MaskableLayout,https://android-arsenal.com/details/1/683
Probe,https://android-arsenal.com/details/1/971
ResideLayout,https://android-arsenal.com/details/1/880
ShowcaseView,https://android-arsenal.com/details/1/243
SlidingTabs,https://android-arsenal.com/details/1/1253
SpringLayout,https://android-arsenal.com/details/1/707
SuperSLiM,https://android-arsenal.com/details/1/1319
SwipeBackLayout,https://android-arsenal.com/details/1/734
YieldLayout,https://android-arsenal.com/details/1/1083
AStickyHeader,https://android-arsenal.com/details/1/670
BlurStickyHeaderListView,https://android-arsenal.com/details/1/939
HeaderListView,https://android-arsenal.com/details/1/778
LetterSectionList,https://android-arsenal.com/details/1/263
ListviewFilter,https://android-arsenal.com/details/1/262
PinnedSectionListView,https://android-arsenal.com/details/1/264
PullZoomView,https://android-arsenal.com/details/1/918
Recyclerview-stickyheaders,https://android-arsenal.com/details/1/1022
StickyGridHeaders,https://android-arsenal.com/details/1/265
StickyListHeaders,https://android-arsenal.com/details/1/266
StickyScrollViewItems,https://android-arsenal.com/details/1/267
2D Scroller,https://android-arsenal.com/details/1/1033
Android-MultiStateListView,https://android-arsenal.com/details/1/245
Android-ScrollBarPanel,https://android-arsenal.com/details/1/246
android-youtube-listview,https://android-arsenal.com/details/1/1112
DobList,https://android-arsenal.com/details/1/1350
DragSortListView,https://android-arsenal.com/details/1/247
DynamicRecyclerView,https://android-arsenal.com/details/1/1337
EnhancedListView,https://android-arsenal.com/details/1/248
FlabbyListView,https://android-arsenal.com/details/1/763
Horizontal Variable ListView,https://android-arsenal.com/details/1/249
ListViewAnimations,https://android-arsenal.com/details/1/250
MultiLevelExpandableIndentableListView,https://android-arsenal.com/details/1/1116
PagedHeadListView,https://android-arsenal.com/details/1/816
PagingListView,https://android-arsenal.com/details/1/251
PlayView,https://android-arsenal.com/details/1/252
ScrollableItemList,https://android-arsenal.com/details/1/1183
SlideExpandableListView,https://android-arsenal.com/details/1/253
SuperListview,https://android-arsenal.com/details/1/254
SuperRecyclerView,https://android-arsenal.com/details/1/1239
Swipe_RecyclerView,https://android-arsenal.com/details/1/1133
SwipeListView,https://android-arsenal.com/details/1/255
SwipeMenuListView,https://android-arsenal.com/details/1/912
TreeViewList,https://android-arsenal.com/details/1/256
Android Localization Helper,https://android-arsenal.com/details/1/901
android-localization-helper,https://android-arsenal.com/details/1/1367
Android-GoogleDirectionAndPlaceLibrary,https://android-arsenal.com/details/1/1374
Android-ReactiveLocation,https://android-arsenal.com/details/1/268
geo,https://android-arsenal.com/details/1/1293
google-places-api-java,https://android-arsenal.com/details/1/1338
Smart Location Library,https://android-arsenal.com/details/1/1321
Android-LockPattern,https://android-arsenal.com/details/1/269
AppLock,https://android-arsenal.com/details/1/837
Colored Logcat,https://android-arsenal.com/details/1/812
PID Cat,https://android-arsenal.com/details/1/684
android-log,https://android-arsenal.com/details/1/731
android-logger,https://android-arsenal.com/details/1/1052
ArrowLogger,https://android-arsenal.com/details/1/1003
automator-log-converter,https://android-arsenal.com/details/1/1358
Debug,https://android-arsenal.com/details/1/1038
Galgo,https://android-arsenal.com/details/1/1151
hugo,https://android-arsenal.com/details/1/270
jodamoblog,https://android-arsenal.com/details/1/1357
logback-android,https://android-arsenal.com/details/1/273
Puree,https://android-arsenal.com/details/1/1170
SLF4J,https://android-arsenal.com/details/1/271
SLF4J Android Logger,https://android-arsenal.com/details/1/275
slf4j-timber,https://android-arsenal.com/details/1/272
Timber,https://android-arsenal.com/details/1/274
Twig,https://android-arsenal.com/details/1/911
Divide.io,https://android-arsenal.com/details/1/1059
Apache HttpMime,https://android-arsenal.com/details/1/288
Mime4j,https://android-arsenal.com/details/1/289
BackgroundMailLibrary,https://android-arsenal.com/details/1/276
javamail-android,https://android-arsenal.com/details/1/277
Android Maps Extensions,https://android-arsenal.com/details/1/283
Clusterer,https://android-arsenal.com/details/1/1322
Clusterkraf,https://android-arsenal.com/details/1/284
Google Maps Android API utility library,https://android-arsenal.com/details/1/282
map-controller,https://android-arsenal.com/details/1/281
MapNavigator,https://android-arsenal.com/details/1/278
osmdroid,https://android-arsenal.com/details/1/279
Polaris,https://android-arsenal.com/details/1/280
RouteDrawer,https://android-arsenal.com/details/1/1106
WhirlyGlobe-Maply,https://android-arsenal.com/details/1/1212
Bypass,https://android-arsenal.com/details/1/285
cwac-anddown,https://android-arsenal.com/details/1/286
MarkdownView,https://android-arsenal.com/details/1/287
MathFu,https://android-arsenal.com/details/1/1123
deploygate-maven-plugin,https://android-arsenal.com/details/1/974
AndroidRecording,https://android-arsenal.com/details/1/744
ActionSheetForAndroid,https://android-arsenal.com/details/1/784
android-satellite-menu,https://android-arsenal.com/details/1/811
AndroidResideMenu,https://android-arsenal.com/details/1/708
Button Menu,https://android-arsenal.com/details/1/887
CircularFloatingActionMenu,https://android-arsenal.com/details/1/753
RefreshMenuItem,https://android-arsenal.com/details/1/1277
SmsRadar,https://android-arsenal.com/details/1/1328
ChocolateChip-UI,https://android-arsenal.com/details/1/290
Clank,https://android-arsenal.com/details/1/291
Fries,https://android-arsenal.com/details/1/292
iUI,https://android-arsenal.com/details/1/294
jQuery Mobile,https://android-arsenal.com/details/1/295
nativeCSS,https://android-arsenal.com/details/1/296
Ratchet,https://android-arsenal.com/details/1/297
android-image-filter,https://android-arsenal.com/details/1/298
android-lib-magick,https://android-arsenal.com/details/1/299
AndroidJniBitmapOperations,https://android-arsenal.com/details/1/1138
CImg,https://android-arsenal.com/details/1/300
JavaCV,https://android-arsenal.com/details/1/301
libpng-android,https://android-arsenal.com/details/1/302
OpenCV,https://android-arsenal.com/details/1/303
Flow,https://android-arsenal.com/details/1/304
FragmentMaster,https://android-arsenal.com/details/1/1182
AllJoyn Android,https://android-arsenal.com/details/1/305
Android Asynchronous Http Client,https://android-arsenal.com/details/1/310
Apache Commons Net,https://android-arsenal.com/details/1/306
APL,https://android-arsenal.com/details/1/307
Async Http Client,https://android-arsenal.com/details/1/308
cling,https://android-arsenal.com/details/1/1333
Eligor,https://android-arsenal.com/details/1/1356
IceNet,https://android-arsenal.com/details/1/1054
Ion,https://android-arsenal.com/details/1/309
KissProxy,https://android-arsenal.com/details/1/848
koush/AndroidAsync,https://android-arsenal.com/details/1/831
KryoNet,https://android-arsenal.com/details/1/805
OkHttp,https://android-arsenal.com/details/1/311
reyna,https://android-arsenal.com/details/1/312
RoboSpice,https://android-arsenal.com/details/1/313
RxNetty,https://android-arsenal.com/details/1/879
SyncManagerAndroid,https://android-arsenal.com/details/1/1353
Teleport,https://android-arsenal.com/details/1/1023
Volley,https://android-arsenal.com/details/1/314
Volley-OkHttp-Android,https://android-arsenal.com/details/1/832
VolleyPlus,https://android-arsenal.com/details/1/669
WearHttp,https://android-arsenal.com/details/1/976
Couchbase-Lite-Android,https://android-arsenal.com/details/1/841
Realm,https://android-arsenal.com/details/1/1017
SimpleNoSQL,https://android-arsenal.com/details/1/853
SnappyDB,https://android-arsenal.com/details/1/936
android-numberpicker,https://android-arsenal.com/details/1/713
CircledPicker,https://android-arsenal.com/details/1/1060
VNTNumberPickerPreference,https://android-arsenal.com/details/1/799
android-oauth-client,https://android-arsenal.com/details/1/315
Apache Oltu,https://android-arsenal.com/details/1/316
google-oauth-java-client,https://android-arsenal.com/details/1/317
oauth-signpost,https://android-arsenal.com/details/1/318
Scribe,https://android-arsenal.com/details/1/319
tess-two,https://android-arsenal.com/details/1/326
Tesseract,https://android-arsenal.com/details/1/325
ActiveAndroid,https://android-arsenal.com/details/1/327
ActiveRecord for Android,https://android-arsenal.com/details/1/328
Androrm,https://android-arsenal.com/details/1/329
Cupboard,https://android-arsenal.com/details/1/330
DBFlow,https://android-arsenal.com/details/1/1134
DbQuery,https://android-arsenal.com/details/1/331
greenDAO,https://android-arsenal.com/details/1/332
MicroOrm,https://android-arsenal.com/details/1/967
Ollie,https://android-arsenal.com/details/1/1037
Orman,https://android-arsenal.com/details/1/333
OrmLite,https://android-arsenal.com/details/1/334
Persistence,https://android-arsenal.com/details/1/335
Shillelagh,https://android-arsenal.com/details/1/1026
Sprinkles,https://android-arsenal.com/details/1/336
Sugar ORM,https://android-arsenal.com/details/1/337
Torch,https://android-arsenal.com/details/1/338
Android Mock,https://android-arsenal.com/details/1/320
EasyMock,https://android-arsenal.com/details/1/321
Mockito,https://android-arsenal.com/details/1/322
PowerMock,https://android-arsenal.com/details/1/323
modern-java6-android-glframework,https://android-arsenal.com/details/1/1225
Android PDF Writer,https://android-arsenal.com/details/1/347
Android-Pdf-Viewer-Library,https://android-arsenal.com/details/1/348
android-pdfview,https://android-arsenal.com/details/1/1332
MuPDF,https://android-arsenal.com/details/1/349
AKParallax-Android,https://android-arsenal.com/details/1/1056
Android-Parallax-ListView-Item,https://android-arsenal.com/details/1/1217
ListBuddies,https://android-arsenal.com/details/1/782
ParallaxEverywhere,https://android-arsenal.com/details/1/1213
ParallaxScroll,https://android-arsenal.com/details/1/340
Paralloid,https://android-arsenal.com/details/1/341
Android AutoParcel,https://android-arsenal.com/details/1/342
dallasgutauckis/parcelabler,https://android-arsenal.com/details/1/343
Icepick,https://android-arsenal.com/details/1/847
ParcelableCodeGenerator,https://android-arsenal.com/details/1/344
ParcelablePlease,https://android-arsenal.com/details/1/1039
Parcelabler,https://android-arsenal.com/details/1/345
Parceler,https://android-arsenal.com/details/1/346
Leonids,https://android-arsenal.com/details/1/960
androidbox2d,https://android-arsenal.com/details/1/351
Box2D,https://android-arsenal.com/details/1/352
Bullet,https://android-arsenal.com/details/1/353
Chipmunk2D,https://android-arsenal.com/details/1/354
flixel-gdx-box2d,https://android-arsenal.com/details/1/995
JBox2D,https://android-arsenal.com/details/1/355
Adobe AIR,https://android-arsenal.com/details/1/356
Appcelerator (Titanium Mobile),https://android-arsenal.com/details/1/357
Corona SDK,https://android-arsenal.com/details/1/358
Ecere,https://android-arsenal.com/details/1/359
IntelÂ® XDK,https://android-arsenal.com/details/1/1001
Ionic,https://android-arsenal.com/details/1/293
PhoneGap,https://android-arsenal.com/details/1/360
android-preferences,https://android-arsenal.com/details/1/1041
Complex Preferences,https://android-arsenal.com/details/1/361
Prefs,https://android-arsenal.com/details/1/978
PrettySharedPreferences,https://android-arsenal.com/details/1/1118
secure-preferences,https://android-arsenal.com/details/1/362
SimpleSharedPreferences,https://android-arsenal.com/details/1/363
TypedPreferences,https://android-arsenal.com/details/1/929
UnifiedPreference,https://android-arsenal.com/details/1/364
ProGuard,https://android-arsenal.com/details/1/506
Squad leader,https://android-arsenal.com/details/1/999
Android Process Button,https://android-arsenal.com/details/1/367
Android Progress Panel,https://android-arsenal.com/details/1/365
android-circular-progress-bar,https://android-arsenal.com/details/1/850
Android-ProgressFragment,https://android-arsenal.com/details/1/366
android-square-progressbar,https://android-arsenal.com/details/1/1340
AndroidProgressLayout,https://android-arsenal.com/details/1/1175
BounceProgressBar,https://android-arsenal.com/details/1/1221
CircleDisplay,https://android-arsenal.com/details/1/758
CircleProgress,https://android-arsenal.com/details/1/1130
CircleView,https://android-arsenal.com/details/1/796
CircularCounter,https://android-arsenal.com/details/1/842
CircularProgressDrawable,https://android-arsenal.com/details/1/1071
ExpandedCircleProgressView,https://android-arsenal.com/details/1/729
GoogleProgressBar,https://android-arsenal.com/details/1/368
LoadIndicators,https://android-arsenal.com/details/1/1191
LoadingComponentView,https://android-arsenal.com/details/1/920
Material-ish Progress,https://android-arsenal.com/details/1/1141
NumberProgressBar,https://android-arsenal.com/details/1/790
ProgressMenuItem,https://android-arsenal.com/details/1/845
ProgressPieView,https://android-arsenal.com/details/1/894
ProgressWheel,https://android-arsenal.com/details/1/369
Round Corner Progress Bar,https://android-arsenal.com/details/1/1375
SmoothProgressBar,https://android-arsenal.com/details/1/370
static-progress-bar,https://android-arsenal.com/details/1/1214
TextCounter,https://android-arsenal.com/details/1/1140
WaveView,https://android-arsenal.com/details/1/1260
android-properties,https://android-arsenal.com/details/1/938
micro-protobuf,https://android-arsenal.com/details/1/371
platform_external_protobuf,https://android-arsenal.com/details/1/372
protobuf-j2me,https://android-arsenal.com/details/1/373
wire,https://android-arsenal.com/details/1/374
ActionBar-PullToRefresh,https://android-arsenal.com/details/1/376
android-PullRefreshLayout,https://android-arsenal.com/details/1/1084
BounceScroller,https://android-arsenal.com/details/1/840
chrisbanes/Android-PullToRefresh,https://android-arsenal.com/details/1/375
CRefreshLayout,https://android-arsenal.com/details/1/1126
GmailLikePullToRefresh,https://android-arsenal.com/details/1/1021
naver/android-pull-to-refresh,https://android-arsenal.com/details/1/685
PullToRefresh-ListView,https://android-arsenal.com/details/1/377
PullToUpdate-ListView,https://android-arsenal.com/details/1/1251
SwipeRefreshLayout,https://android-arsenal.com/details/1/913
Ultra Pull To Refresh,https://android-arsenal.com/details/1/1180
Amazon in-app purchasing,https://android-arsenal.com/details/1/380
Android Checkout Library,https://android-arsenal.com/details/1/828
AndroidBillingLibrary,https://android-arsenal.com/details/1/379
Donations Library,https://android-arsenal.com/details/1/381
Google Play in-app billing,https://android-arsenal.com/details/1/382
Open In-App Billing,https://android-arsenal.com/details/1/383
UberVerificationSystem,https://android-arsenal.com/details/1/910
Amazon Device Messaging,https://android-arsenal.com/details/1/385
androidpn,https://android-arsenal.com/details/1/827
ANE-Push-Notification,https://android-arsenal.com/details/1/849
easygcm,https://android-arsenal.com/details/1/1205
java-apns,https://android-arsenal.com/details/1/384
android-quick-response-code,https://android-arsenal.com/details/1/386
Barcode Scanner (ZXing),https://android-arsenal.com/details/1/387
ZXScanLib,https://android-arsenal.com/details/1/388
felipecsl/QuickReturn,https://android-arsenal.com/details/1/697
QuickReturnHeader,https://android-arsenal.com/details/1/700
AndroidHttpRestService,https://android-arsenal.com/details/1/926
Appsly Android Rest,https://android-arsenal.com/details/1/398
Broker,https://android-arsenal.com/details/1/1256
DataDroid,https://android-arsenal.com/details/1/399
Http Request,https://android-arsenal.com/details/1/400
resteasy-mobile,https://android-arsenal.com/details/1/794
Restlet Framework,https://android-arsenal.com/details/1/793
Retrofit,https://android-arsenal.com/details/1/401
Windigo,https://android-arsenal.com/details/1/402
ahorn/android-rss,https://android-arsenal.com/details/1/403
Android-RSS-Reader-Library,https://android-arsenal.com/details/1/404
PkRSS,https://android-arsenal.com/details/1/851
Simple-Rss2-Android,https://android-arsenal.com/details/1/406
Simplistic RSS,https://android-arsenal.com/details/1/405
android-segmented-control,https://android-arsenal.com/details/1/389
android-clockseekbar,https://android-arsenal.com/details/1/771
android-comboseekbar,https://android-arsenal.com/details/1/1093
android-phased-seek-bar,https://android-arsenal.com/details/1/919
DiscreteSeekBar,https://android-arsenal.com/details/1/1172
MaterialRangeBar,https://android-arsenal.com/details/1/1272
range-bar,https://android-arsenal.com/details/1/390
range-seek-bar,https://android-arsenal.com/details/1/391
RangeSeekBar,https://android-arsenal.com/details/1/392
SeekArc,https://android-arsenal.com/details/1/393
SeekBarHint,https://android-arsenal.com/details/1/884
ValueBar,https://android-arsenal.com/details/1/1051
Android Rate,https://android-arsenal.com/details/1/846
Appirater,https://android-arsenal.com/details/1/394
AppRate-for-Android,https://android-arsenal.com/details/1/937
AppRater,https://android-arsenal.com/details/1/395
Discreet App Rate,https://android-arsenal.com/details/1/396
easy-rating-dialog,https://android-arsenal.com/details/1/844
Rate-Me,https://android-arsenal.com/details/1/1032
Rating Reminder,https://android-arsenal.com/details/1/397
SimpleRatingView,https://android-arsenal.com/details/1/1189
StarBar,https://android-arsenal.com/details/1/1153
Android Ripple Background,https://android-arsenal.com/details/1/1107
Material Ripple Layout,https://android-arsenal.com/details/1/948
RippleDrawable,https://android-arsenal.com/details/1/957
RippleEffect,https://android-arsenal.com/details/1/1066
RippleView,https://android-arsenal.com/details/1/923
QCircle-Design-Template,https://android-arsenal.com/details/1/1303
Tooleap,https://android-arsenal.com/details/1/1304
android-soap-enabler,https://android-arsenal.com/details/1/427
icesoap,https://android-arsenal.com/details/1/428
JSoap,https://android-arsenal.com/details/1/1365
kSOAP,https://android-arsenal.com/details/1/429
nano,https://android-arsenal.com/details/1/430
Jaramiko,https://android-arsenal.com/details/1/438
JSch,https://android-arsenal.com/details/1/437
sshj,https://android-arsenal.com/details/1/439
androidsvg,https://android-arsenal.com/details/1/447
japgolly/svg-android,https://android-arsenal.com/details/1/448
svg-android,https://android-arsenal.com/details/1/449
svg-to-android.sh,https://android-arsenal.com/details/1/856
svg2android,https://android-arsenal.com/details/1/1061
android-scripting,https://android-arsenal.com/details/1/420
FASL,https://android-arsenal.com/details/1/421
jnlua-android,https://android-arsenal.com/details/1/422
Android-ObservableScrollView,https://android-arsenal.com/details/1/1136
Discrollview,https://android-arsenal.com/details/1/1311
PoppyView,https://android-arsenal.com/details/1/815
ScrollBarPanelWithClock,https://android-arsenal.com/details/1/1029
Android-Password-Store,https://android-arsenal.com/details/1/1208
AndroidPinning,https://android-arsenal.com/details/1/407
auth0client,https://android-arsenal.com/details/1/905
Conceal,https://android-arsenal.com/details/1/408
cwac-security,https://android-arsenal.com/details/1/1238
Encryption,https://android-arsenal.com/details/1/935
IOCipher,https://android-arsenal.com/details/1/672
jmacaroons,https://android-arsenal.com/details/1/914
NetCipher (Onionkit),https://android-arsenal.com/details/1/409
OpenPGP API library,https://android-arsenal.com/details/1/904
Spongy Castle,https://android-arsenal.com/details/1/411
SQLCipher,https://android-arsenal.com/details/1/412
Windows Azure ADAL,https://android-arsenal.com/details/1/413
AnalogStickLibrary,https://android-arsenal.com/details/1/1049
DASH,https://android-arsenal.com/details/1/415
GAST,https://android-arsenal.com/details/1/416
HandWave,https://android-arsenal.com/details/1/767
Seismic,https://android-arsenal.com/details/1/417
Sensorium,https://android-arsenal.com/details/1/418
SensorManager,https://android-arsenal.com/details/1/419
android-signaturepad,https://android-arsenal.com/details/1/982
Android Sliding Up Panel,https://android-arsenal.com/details/1/424
android-menudrawer,https://android-arsenal.com/details/1/423
AndroidImageSlider,https://android-arsenal.com/details/1/791
BlurNavigationDrawer,https://android-arsenal.com/details/1/874
BottomSheet,https://android-arsenal.com/details/1/1044
DobSliding,https://android-arsenal.com/details/1/1351
GoogleNavigationDrawer,https://android-arsenal.com/details/1/1290
LDrawer,https://android-arsenal.com/details/1/1042
material-drawer,https://android-arsenal.com/details/1/1162
MaterialNavigationDrawer,https://android-arsenal.com/details/1/1114
Navigation Drawer,https://android-arsenal.com/details/1/747
SlidingDrawer,https://android-arsenal.com/details/1/765
SlidingLayer,https://android-arsenal.com/details/1/425
SlidingMenu,https://android-arsenal.com/details/1/426
Slidr,https://android-arsenal.com/details/1/1364
android-simple-facebook,https://android-arsenal.com/details/1/949
AndroidSocialNetworks,https://android-arsenal.com/details/1/431
ASNE,https://android-arsenal.com/details/1/868
Bitlyj,https://android-arsenal.com/details/1/432
Facebook Login Library,https://android-arsenal.com/details/1/899
Facebook SDK,https://android-arsenal.com/details/1/433
GooglePlusLoginUtil,https://android-arsenal.com/details/1/1127
gravatar-android,https://android-arsenal.com/details/1/1361
jReddit,https://android-arsenal.com/details/1/678
JTwitter,https://android-arsenal.com/details/1/434
Simple Social Sharing,https://android-arsenal.com/details/1/435
social-sharing-dialogs,https://android-arsenal.com/details/1/817
socialauth-android,https://android-arsenal.com/details/1/726
twitt4droid,https://android-arsenal.com/details/1/1014
Twitter Fabric,https://android-arsenal.com/details/1/1344
Twitter4J,https://android-arsenal.com/details/1/436
uber-java,https://android-arsenal.com/details/1/861
Androwarn,https://android-arsenal.com/details/1/1010
ApkAnalyser,https://android-arsenal.com/details/1/1007
APKinspector,https://android-arsenal.com/details/1/1008
Checkstyle,https://android-arsenal.com/details/1/440
FindBugs,https://android-arsenal.com/details/1/441
lint,https://android-arsenal.com/details/1/442
PMD,https://android-arsenal.com/details/1/443
Smali-CFGs,https://android-arsenal.com/details/1/1009
Thresher,https://android-arsenal.com/details/1/444
SystemBarTint,https://android-arsenal.com/details/1/445
Xposed-Tinted-Status-Bar,https://android-arsenal.com/details/1/446
Painter,https://android-arsenal.com/details/1/735
Android Weak Handler,https://android-arsenal.com/details/1/1152
build.prop Tools,https://android-arsenal.com/details/1/450
Libsuperuser,https://android-arsenal.com/details/1/451
Root Shell Framework,https://android-arsenal.com/details/1/454
RootTools,https://android-arsenal.com/details/1/452
superuser-commands,https://android-arsenal.com/details/1/453
assertj-android,https://android-arsenal.com/details/1/704
Cucumber,https://android-arsenal.com/details/1/455
Gwen,https://android-arsenal.com/details/1/1167
JBehave,https://android-arsenal.com/details/1/456
JDave,https://android-arsenal.com/details/1/457
JUnit,https://android-arsenal.com/details/1/458
RoboSpock,https://android-arsenal.com/details/1/459
Spock,https://android-arsenal.com/details/1/460
Spock for Android,https://android-arsenal.com/details/1/1345
TestNG,https://android-arsenal.com/details/1/461
Chunk,https://android-arsenal.com/details/1/462
commontemplate,https://android-arsenal.com/details/1/463
jmustache,https://android-arsenal.com/details/1/464
MiniTemplator,https://android-arsenal.com/details/1/465
Phrase,https://android-arsenal.com/details/1/466
slate-templates,https://android-arsenal.com/details/1/882
Android FEST,https://android-arsenal.com/details/1/480
android-studio-testing-project-template,https://android-arsenal.com/details/1/941
Appium,https://android-arsenal.com/details/1/481
Burst,https://android-arsenal.com/details/1/968
Espresso (android test kit),https://android-arsenal.com/details/1/482
Fork,https://android-arsenal.com/details/1/1165
Robolectric,https://android-arsenal.com/details/1/483
Robotium,https://android-arsenal.com/details/1/484
uiautomator,https://android-arsenal.com/details/1/485
Bot-Bot,https://android-arsenal.com/details/1/486
Calabash,https://android-arsenal.com/details/1/487
Remote Android Test Service,https://android-arsenal.com/details/1/488
Spoon,https://android-arsenal.com/details/1/489
AccountAutoCompleteEditText,https://android-arsenal.com/details/1/1232
Android Floating Label,https://android-arsenal.com/details/1/469
android-ago,https://android-arsenal.com/details/1/746
android-floatinglabel-widgets,https://android-arsenal.com/details/1/881
android-flowtextview,https://android-arsenal.com/details/1/470
Android-RobotoTextView,https://android-arsenal.com/details/1/471
Android-SingleInputForm,https://android-arsenal.com/details/1/1163
AnyTextView,https://android-arsenal.com/details/1/472
AutoFitTextView,https://android-arsenal.com/details/1/1137
AutoFitTextView,https://android-arsenal.com/details/1/473
BabushkaText,https://android-arsenal.com/details/1/1179
chips-edittext-library,https://android-arsenal.com/details/1/1128
ChromaHashView,https://android-arsenal.com/details/1/479
CreditCardEditText,https://android-arsenal.com/details/1/474
cwac-richedit,https://android-arsenal.com/details/1/1254
EmailAutoCompleteTextView,https://android-arsenal.com/details/1/900
EnhancedEditText,https://android-arsenal.com/details/1/890
ExpandableTextView,https://android-arsenal.com/details/1/1203
Float Labeled EditText,https://android-arsenal.com/details/1/475
Frost,https://android-arsenal.com/details/1/895
HtmlTextView,https://android-arsenal.com/details/1/476
Justified,https://android-arsenal.com/details/1/477
KeyboardlessEditText,https://android-arsenal.com/details/1/857
Makeup,https://android-arsenal.com/details/1/1198
MaterialEditText,https://android-arsenal.com/details/1/1085
MultiActionTextView,https://android-arsenal.com/details/1/1099
PatternedEditText,https://android-arsenal.com/details/1/962
RiseNumber,https://android-arsenal.com/details/1/773
SecretTextView,https://android-arsenal.com/details/1/1316
Shimmer-android,https://android-arsenal.com/details/1/478
ShowEdittextPassword,https://android-arsenal.com/details/1/906
SocialTokenAutoComplete,https://android-arsenal.com/details/1/1004
TextChronometer,https://android-arsenal.com/details/1/1315
TextJustify-Android,https://android-arsenal.com/details/1/1318
TextViewWithLinks,https://android-arsenal.com/details/1/1241
Titanic for Android,https://android-arsenal.com/details/1/1313
TokenAutoComplete,https://android-arsenal.com/details/1/903
Android Text to Speech,https://android-arsenal.com/details/1/467
TextToSpeech,https://android-arsenal.com/details/1/468
Android-UndoBar,https://android-arsenal.com/details/1/490
AppMsg,https://android-arsenal.com/details/1/491
Crouton,https://android-arsenal.com/details/1/492
Kennyc1012/SnackBar,https://android-arsenal.com/details/1/997
MessageBar,https://android-arsenal.com/details/1/493
MrEngineer13/SnackBar,https://android-arsenal.com/details/1/869
NiftyNotification,https://android-arsenal.com/details/1/888
SimpleToast,https://android-arsenal.com/details/1/1031
Snackbar,https://android-arsenal.com/details/1/1160
SuperToasts,https://android-arsenal.com/details/1/494
Go mobile,https://android-arsenal.com/details/1/1236
GoDroid,https://android-arsenal.com/details/1/1075
Neko,https://android-arsenal.com/details/1/495
Pindah,https://android-arsenal.com/details/1/496
python-for-android,https://android-arsenal.com/details/1/725
Qt,https://android-arsenal.com/details/1/497
Ruboto,https://android-arsenal.com/details/1/498
Scaloid,https://android-arsenal.com/details/1/499
Xtendroid,https://android-arsenal.com/details/1/500
aminc,https://android-arsenal.com/details/1/1223
Android Device Inventory,https://android-arsenal.com/details/1/1373
Android Devices,https://android-arsenal.com/details/1/1235
Android Resource Navigator,https://android-arsenal.com/details/1/1284
Android Studio Templates,https://android-arsenal.com/details/1/502
android-resource-remover,https://android-arsenal.com/details/1/795
android-unused-resources,https://android-arsenal.com/details/1/1169
AndroidAssetStudio,https://android-arsenal.com/details/1/501
AnUitor,https://android-arsenal.com/details/1/1348
Apktool,https://android-arsenal.com/details/1/1181
battery-historian,https://android-arsenal.com/details/1/1199
detective-droid,https://android-arsenal.com/details/1/898
dspec,https://android-arsenal.com/details/1/927
gitignore.io,https://android-arsenal.com/details/1/1265
GridWichterle,https://android-arsenal.com/details/1/503
ios2android,https://android-arsenal.com/details/1/1053
Madge,https://android-arsenal.com/details/1/508
Raccoon,https://android-arsenal.com/details/1/507
Scalpel,https://android-arsenal.com/details/1/504
shadow4android,https://android-arsenal.com/details/1/1188
ViewPortSizes,https://android-arsenal.com/details/1/505
ViewServer,https://android-arsenal.com/details/1/820
Android Tooltip,https://android-arsenal.com/details/1/1240
SuperToolTips,https://android-arsenal.com/details/1/752
Android ADK Toolkit,https://android-arsenal.com/details/1/1266
libusb,https://android-arsenal.com/details/1/509
PhysicaloidLibrary,https://android-arsenal.com/details/1/510
USB MIDI Driver,https://android-arsenal.com/details/1/511
usb-serial-for-android,https://android-arsenal.com/details/1/512
android-autoupdater,https://android-arsenal.com/details/1/737
Fit,https://android-arsenal.com/details/1/1174
UpdateChecker,https://android-arsenal.com/details/1/145
Adroit,https://android-arsenal.com/details/1/1211
Amalgam,https://android-arsenal.com/details/1/1297
android-common-lib,https://android-arsenal.com/details/1/515
AndroidDynamicLoader,https://android-arsenal.com/details/1/706
AndroidQuickUtils,https://android-arsenal.com/details/1/870
AndroidUtils,https://android-arsenal.com/details/1/514
Apache Commons Codec,https://android-arsenal.com/details/1/516
Apache Commons IO,https://android-arsenal.com/details/1/517
AQuery,https://android-arsenal.com/details/1/518
AXT,https://android-arsenal.com/details/1/859
Caffeine,https://android-arsenal.com/details/1/1055
date4j,https://android-arsenal.com/details/1/779
Droid-Fu,https://android-arsenal.com/details/1/1104
greenrobot-common,https://android-arsenal.com/details/1/1352
Guava,https://android-arsenal.com/details/1/519
Holdr,https://android-arsenal.com/details/1/864
Joda Time,https://android-arsenal.com/details/1/520
jraf-android-util,https://android-arsenal.com/details/1/1101
KissTools,https://android-arsenal.com/details/1/839
libs-for-android,https://android-arsenal.com/details/1/521
NoTils,https://android-arsenal.com/details/1/523
Okio,https://android-arsenal.com/details/1/522
Reflection No Reflection,https://android-arsenal.com/details/1/1263
Sprockets,https://android-arsenal.com/details/1/1243
TaggerString,https://android-arsenal.com/details/1/1048
xUtils,https://android-arsenal.com/details/1/783
Android Saripaar,https://android-arsenal.com/details/1/526
android-edittext-validator,https://android-arsenal.com/details/1/727
android-formidable-validation,https://android-arsenal.com/details/1/524
Android-Validator,https://android-arsenal.com/details/1/525
FormValidations,https://android-arsenal.com/details/1/528
ValidationKomensky,https://android-arsenal.com/details/1/527
android-ffmpeg,https://android-arsenal.com/details/1/675
AndroidFFmpeg,https://android-arsenal.com/details/1/529
AndroidYoutubeOverlay,https://android-arsenal.com/details/1/1324
FFMPEG Library for Android,https://android-arsenal.com/details/1/674
FFmpeg-Android,https://android-arsenal.com/details/1/925
FFmpeg-Android-Java,https://android-arsenal.com/details/1/931
ijkplayer,https://android-arsenal.com/details/1/530
libstreaming,https://android-arsenal.com/details/1/531
mp4parser,https://android-arsenal.com/details/1/1343
video-crop,https://android-arsenal.com/details/1/893
YouTube Android Player,https://android-arsenal.com/details/1/532
Adapter Kit,https://android-arsenal.com/details/1/257
Android Filtering List,https://android-arsenal.com/details/1/1018
android-parallax-recyclerview,https://android-arsenal.com/details/1/1095
AnnotatedAdapter,https://android-arsenal.com/details/1/1046
base-adapter-helper,https://android-arsenal.com/details/1/1331
cwac-adapter,https://android-arsenal.com/details/1/1218
cwac-endless,https://android-arsenal.com/details/1/1230
cwac-merge,https://android-arsenal.com/details/1/1229
cwac-pager,https://android-arsenal.com/details/1/1233
cwac-sacklist,https://android-arsenal.com/details/1/1291
cwac-strictmodeex,https://android-arsenal.com/details/1/1292
EasyAdapter,https://android-arsenal.com/details/1/258
EasyListViewAdapters,https://android-arsenal.com/details/1/1034
Efficient Adapter for Android,https://android-arsenal.com/details/1/1069
FunDapter,https://android-arsenal.com/details/1/259
GridListViewAdapters,https://android-arsenal.com/details/1/1035
MultiChoiceAdapter,https://android-arsenal.com/details/1/260
Parchment,https://android-arsenal.com/details/1/738
RecyclerViewRenderers,https://android-arsenal.com/details/1/1086
Renderers,https://android-arsenal.com/details/1/1195
Simple Section Adapter,https://android-arsenal.com/details/1/261
twoway-view,https://android-arsenal.com/details/1/801
Android-ParallaxHeaderViewPager,https://android-arsenal.com/details/1/536
astuetz/PagerSlidingTabStrip,https://android-arsenal.com/details/1/535
AutoNotifyViewPager,https://android-arsenal.com/details/1/533
CircleIndicator,https://android-arsenal.com/details/1/1268
FontPagerTitleStrip,https://android-arsenal.com/details/1/979
Infinite View Pager,https://android-arsenal.com/details/1/1307
JazzyViewPager,https://android-arsenal.com/details/1/534
jpardogo/PagerSlidingTabStrip,https://android-arsenal.com/details/1/1100
LoopingViewPager,https://android-arsenal.com/details/1/541
MaterialTabs,https://android-arsenal.com/details/1/1105
OViewPager,https://android-arsenal.com/details/1/958
PagerSlidingTitleIconTabStrip,https://android-arsenal.com/details/1/961
ParallaxPager,https://android-arsenal.com/details/1/537
ParallaxPagerTransformer,https://android-arsenal.com/details/1/1312
PullToDismissPager,https://android-arsenal.com/details/1/907
RatioViewPager,https://android-arsenal.com/details/1/1302
TabBarView,https://android-arsenal.com/details/1/896
VerticalViewPager,https://android-arsenal.com/details/1/540
View Flow,https://android-arsenal.com/details/1/538
ViewPagerIndicator,https://android-arsenal.com/details/1/539
ViewPagerTransforms,https://android-arsenal.com/details/1/1193
ContextualView,https://android-arsenal.com/details/1/1261
CurtainView,https://android-arsenal.com/details/1/1244
ErrorView,https://android-arsenal.com/details/1/1285
HorizontalPicker,https://android-arsenal.com/details/1/1298
MatchView,https://android-arsenal.com/details/1/1194
RoundedLetterView,https://android-arsenal.com/details/1/1135
TextDrawable,https://android-arsenal.com/details/1/1157
TileView,https://android-arsenal.com/details/1/1215
view-holder-generator,https://android-arsenal.com/details/1/1280
Android-wunderground-client,https://android-arsenal.com/details/1/542
ForecastIO-Lib-Java,https://android-arsenal.com/details/1/1200
WeatherLib,https://android-arsenal.com/details/1/543
YWeatherGetter4a,https://android-arsenal.com/details/1/544
AutobahnAndroid,https://android-arsenal.com/details/1/545
codebutler/android-websockets,https://android-arsenal.com/details/1/547
koush/android-websockets,https://android-arsenal.com/details/1/546
Tyrus,https://android-arsenal.com/details/1/548
android-spinnerwheel,https://android-arsenal.com/details/1/722
Android-Wheel-Menu,https://android-arsenal.com/details/1/946
AndroidWheel,https://android-arsenal.com/details/1/721
WheelView,https://android-arsenal.com/details/1/780
android-wifi-connecter,https://android-arsenal.com/details/1/686
AWizard,https://android-arsenal.com/details/1/671
WizardPager,https://android-arsenal.com/details/1/1176
JDOM,https://android-arsenal.com/details/1/549
kXML,https://android-arsenal.com/details/1/550
Simple,https://android-arsenal.com/details/1/551
SimpleEasyXmlParser,https://android-arsenal.com/details/1/552
VTD-XML,https://android-arsenal.com/details/1/1094
Woodstox,https://android-arsenal.com/details/1/553
XML Data Parser,https://android-arsenal.com/details/1/554
XStream,https://android-arsenal.com/details/1/1103
flowdalic/asmack,https://android-arsenal.com/details/1/891
jaxmpp2,https://android-arsenal.com/details/1/892
JYaml,https://android-arsenal.com/details/1/555
SnakeYAML,https://android-arsenal.com/details/1/556
YamlBeans,https://android-arsenal.com/details/1/557